sample	chr	start	end	gene	reference	alt	altGene	effect	aminoAcid	rnaVaf	dnaVaf
TCGA-AA-3973-01A	chr18	51047152	51047181	SMAD4	GCAAAAAGAGCAATTGAAAGTTTGGTAAAG	-		inframe_deletion	p.A36_K45del		0.8571
TCGA-AZ-4614-01A	chr18	51047193	51047194	SMAD4	-	A		frameshift_variant	p.D52Rfs*2		0.8036
TCGA-CA-6718-01A	chr18	51048701	51048701	SMAD4	G	T		stop_gained	p.G89*		0.4186	TCGA-CA-6718-01A	chr18	51078409	51078409	SMAD4	A	C		missense_variant	p.Q534P		0.4091
TCGA-CK-5916-01A	chr18	51048780	51048780	SMAD4	G	A		missense_variant	p.C115Y		0.303
TCGA-AY-6386-01A	chr18	51048782	51048782	SMAD4	C	T		stop_gained	p.Q116*		0.439
TCGA-AZ-6598-01A	chr18	51048785	51048785	SMAD4	T	C		missense_variant	p.Y117H		0.3741
TCGA-AA-3984-01A	chr18	51048836	51048836	SMAD4	G	A		missense_variant	p.E134K		0.3057
TCGA-AA-3811-01A	chr18	51048843	51048843	SMAD4	T	C		missense_variant	p.V136A		0.114
TCGA-AZ-4315-01A	chr18	51054741	51054741	SMAD4	A	C		intron_variant			0.3529
TCGA-DM-A1D4-01A	chr18	51054778	51054779	SMAD4	-	AG		splice_region_variant;intron_variant	p.A152Efs*6		0.697
TCGA-F4-6855-01A	chr18	51054859	51054859	SMAD4	C	A		stop_gained	p.S178*		0.2951
TCGA-AA-3496-01A	chr18	51058143	51058144	SMAD4	-	G		frameshift_variant	p.S232Qfs*3		0.55
TCGA-DM-A28K-01A	chr18	51058143	51058144	SMAD4	-	G		frameshift_variant	p.S232Qfs*3		0.6364
TCGA-G4-6309-01A	chr18	51058144	51058144	SMAD4	G	-		frameshift_variant	p.G231Afs*10		0.8276
TCGA-CK-4950-01A	chr18	51059867	51059867	SMAD4	G	A		stop_gained;splice_region_variant	p.W302*		0.16	TCGA-CK-4950-01A	chr18	51078403	51078403	SMAD4	C	A		missense_variant	p.A532D		0.194
TCGA-G4-6628-01A	chr18	51059867	51059867	SMAD4	G	A		stop_gained;splice_region_variant	p.W302*		0.2532	TCGA-G4-6628-01A	chr18	51065548	51065548	SMAD4	C	T		missense_variant	p.R361C		0.4
TCGA-AA-3864-01A	chr18	51065447	51065447	SMAD4	C	T		missense_variant	p.A327V		0.382
TCGA-CM-6165-01A	chr18	51065455	51065455	SMAD4	G	C		missense_variant	p.E330Q		0.3098
TCGA-A6-5664-01A	chr18	51065485	51065485	SMAD4	A	G		missense_variant	p.K340E		0.1765
TCGA-CA-5796-01A	chr18	51065519	51065519	SMAD4	A	G		missense_variant	p.D351G		0.3885
TCGA-DM-A285-01A	chr18	51065521	51065521	SMAD4	G	A		missense_variant	p.G352R		0.2254
TCGA-NH-A5IV-01A	chr18	51065526	51065526	SMAD4	C	T		synonymous_variant	p.Y353Y		0.05072
TCGA-CM-6680-01A	chr18	51065531	51065531	SMAD4	A	G		missense_variant	p.D355G		0.697
TCGA-D5-6532-01A	chr18	51065548	51065548	SMAD4	C	T		missense_variant	p.R361C		0.478
TCGA-F4-6805-01A	chr18	51065548	51065548	SMAD4	C	T		missense_variant	p.R361C		0.2121
TCGA-D5-5538-01A	chr18	51065549	51065549	SMAD4	G	A		missense_variant	p.R361H		0.4737
TCGA-AD-6899-01A	chr18	51065549	51065549	SMAD4	G	A		missense_variant	p.R361H		0.1207	TCGA-AD-6899-01A	chr18	51078417	51078417	SMAD4	G	C		missense_variant	p.D537H		0.2308
TCGA-A6-A565-01A	chr18	51065549	51065549	SMAD4	G	A		missense_variant	p.R361H		0.0641
TCGA-AA-3692-01A	chr18	51065549	51065549	SMAD4	G	A		missense_variant	p.R361H		0.6562
TCGA-CA-6717-01A	chr18	51065549	51065549	SMAD4	G	A		missense_variant	p.R361H		0.125
TCGA-CM-6171-01A	chr18	51065549	51065549	SMAD4	G	A		missense_variant	p.R361H		0.3767
TCGA-D5-7000-01A	chr18	51065549	51065549	SMAD4	G	A		missense_variant	p.R361H		0.6481
TCGA-G4-6322-01A	chr18	51065549	51065549	SMAD4	G	A		missense_variant	p.R361H		0.7609
TCGA-DM-A1D8-01A	chr18	51065560	51065560	SMAD4	G	C		missense_variant	p.G365R		0.6515
TCGA-CM-6170-01A	chr18	51065561	51065561	SMAD4	G	A		missense_variant	p.G365D		0.09353
TCGA-A6-2682-01A	chr18	51065576	51065576	SMAD4	T	G		missense_variant	p.V370G		0.4651
TCGA-F4-6569-01A	chr18	51067035	51067035	SMAD4	G	A		missense_variant	p.G386S		0.1806
TCGA-AA-A02E-01A	chr18	51067135	51067135	SMAD4	G	C		missense_variant	p.G419A		0.6136
TCGA-AZ-4616-01A	chr18	51067135	51067135	SMAD4	G	T		missense_variant	p.G419V		0.619
TCGA-CM-5868-01A	chr18	51067187	51067187	SMAD4	G	T		missense_variant;splice_region_variant	p.K436N		0.5753
TCGA-AA-3666-01A	chr18	51076639	51076639	SMAD4	T	A		missense_variant;splice_region_variant	p.V437D		0.6471
TCGA-G4-6304-01A	chr18	51076650	51076650	SMAD4	C	T		missense_variant	p.R441C		0.1133
TCGA-DM-A1D9-01A	chr18	51076777	51076777	SMAD4	G	C		splice_donor_variant	p.X483_splice		0.6835
TCGA-AA-3530-01A	chr18	51078336	51078336	SMAD4	G	A		missense_variant	p.G510R		0.4728
TCGA-D5-6920-01A	chr18	51078400	51078400	SMAD4	G	-		frameshift_variant	p.A532Pfs*5		0.5526
TCGA-CA-5255-01A	chr18	51078415	51078415	SMAD4	T	G		missense_variant	p.L536R		0.4314
TCGA-DM-A28H-01A	chr18	51078417	51078417	SMAD4	G	C		missense_variant	p.D537H		0.3929
TCGA-AA-3862-01A	chr18	51078419	51078419	SMAD4	C	G		missense_variant	p.D537E		0.4909
TCGA-QG-A5YX-01A	chr18	51078424	51078430	SMAD4	TACTTCA	-		frameshift_variant	p.L540Pfs*10		0.7778
TCGA-AA-3939-01A	no variant	no variant	no variant	no variant	no variant	no variant	no variant	no variant	no variant	no variant	no variant
TCGA-G4-6302-01A	no variant	no variant	no variant	no variant	no variant	no variant	no variant	no variant	no variant	no variant	no variant
TCGA-AA-3492-01A	no variant	no variant	no variant	no variant	no variant	no variant	no variant	no variant	no variant	no variant	no variant
TCGA-AA-3867-01A	no variant	no variant	no variant	no variant	no variant	no variant	no variant	no variant	no variant	no variant	no variant
TCGA-AA-3858-01A	no variant	no variant	no variant	no variant	no variant	no variant	no variant	no variant	no variant	no variant	no variant
TCGA-A6-A56B-01A	no variant	no variant	no variant	no variant	no variant	no variant	no variant	no variant	no variant	no variant	no variant
TCGA-AA-3860-01A	no variant	no variant	no variant	no variant	no variant	no variant	no variant	no variant	no variant	no variant	no variant
TCGA-A6-2686-01A	no variant	no variant	no variant	no variant	no variant	no variant	no variant	no variant	no variant	no variant	no variant
TCGA-AZ-5403-01A	no variant	no variant	no variant	no variant	no variant	no variant	no variant	no variant	no variant	no variant	no variant
TCGA-CM-5860-01A	no variant	no variant	no variant	no variant	no variant	no variant	no variant	no variant	no variant	no variant	no variant
TCGA-CM-6172-01A	no variant	no variant	no variant	no variant	no variant	no variant	no variant	no variant	no variant	no variant	no variant
TCGA-AA-A02H-01A	no variant	no variant	no variant	no variant	no variant	no variant	no variant	no variant	no variant	no variant	no variant
TCGA-AA-3693-01A	no variant	no variant	no variant	no variant	no variant	no variant	no variant	no variant	no variant	no variant	no variant
TCGA-AA-A01C-01A	no variant	no variant	no variant	no variant	no variant	no variant	no variant	no variant	no variant	no variant	no variant
TCGA-AA-3673-01A	no variant	no variant	no variant	no variant	no variant	no variant	no variant	no variant	no variant	no variant	no variant
TCGA-AZ-6601-01A	no variant	no variant	no variant	no variant	no variant	no variant	no variant	no variant	no variant	no variant	no variant
TCGA-5M-AATE-01A	no variant	no variant	no variant	no variant	no variant	no variant	no variant	no variant	no variant	no variant	no variant
TCGA-CA-5797-01A	no variant	no variant	no variant	no variant	no variant	no variant	no variant	no variant	no variant	no variant	no variant
TCGA-AA-3875-01A	no variant	no variant	no variant	no variant	no variant	no variant	no variant	no variant	no variant	no variant	no variant
TCGA-AA-3977-01A	no variant	no variant	no variant	no variant	no variant	no variant	no variant	no variant	no variant	no variant	no variant
TCGA-F4-6809-01A	no variant	no variant	no variant	no variant	no variant	no variant	no variant	no variant	no variant	no variant	no variant
TCGA-AA-A03J-01A	no variant	no variant	no variant	no variant	no variant	no variant	no variant	no variant	no variant	no variant	no variant
TCGA-AZ-6603-01A	no variant	no variant	no variant	no variant	no variant	no variant	no variant	no variant	no variant	no variant	no variant
TCGA-DM-A288-01A	no variant	no variant	no variant	no variant	no variant	no variant	no variant	no variant	no variant	no variant	no variant
TCGA-CK-4948-01B	no variant	no variant	no variant	no variant	no variant	no variant	no variant	no variant	no variant	no variant	no variant
TCGA-AA-3814-01A	no variant	no variant	no variant	no variant	no variant	no variant	no variant	no variant	no variant	no variant	no variant
TCGA-AA-3982-01A	no variant	no variant	no variant	no variant	no variant	no variant	no variant	no variant	no variant	no variant	no variant
TCGA-G4-6297-01A	no variant	no variant	no variant	no variant	no variant	no variant	no variant	no variant	no variant	no variant	no variant
TCGA-A6-2681-01A	no variant	no variant	no variant	no variant	no variant	no variant	no variant	no variant	no variant	no variant	no variant
TCGA-NH-A6GB-01A	no variant	no variant	no variant	no variant	no variant	no variant	no variant	no variant	no variant	no variant	no variant
TCGA-G4-6295-01A	no variant	no variant	no variant	no variant	no variant	no variant	no variant	no variant	no variant	no variant	no variant
TCGA-AZ-6608-01A	no variant	no variant	no variant	no variant	no variant	no variant	no variant	no variant	no variant	no variant	no variant
TCGA-AZ-6605-01A	no variant	no variant	no variant	no variant	no variant	no variant	no variant	no variant	no variant	no variant	no variant
TCGA-A6-5656-01A	no variant	no variant	no variant	no variant	no variant	no variant	no variant	no variant	no variant	no variant	no variant
TCGA-AA-3815-01A	no variant	no variant	no variant	no variant	no variant	no variant	no variant	no variant	no variant	no variant	no variant
TCGA-CM-5341-01A	no variant	no variant	no variant	no variant	no variant	no variant	no variant	no variant	no variant	no variant	no variant
TCGA-AA-A017-01A	no variant	no variant	no variant	no variant	no variant	no variant	no variant	no variant	no variant	no variant	no variant
TCGA-CM-5864-01A	no variant	no variant	no variant	no variant	no variant	no variant	no variant	no variant	no variant	no variant	no variant
TCGA-F4-6807-01A	no variant	no variant	no variant	no variant	no variant	no variant	no variant	no variant	no variant	no variant	no variant
TCGA-A6-6652-01A	no variant	no variant	no variant	no variant	no variant	no variant	no variant	no variant	no variant	no variant	no variant
TCGA-AZ-4323-01A	no variant	no variant	no variant	no variant	no variant	no variant	no variant	no variant	no variant	no variant	no variant
TCGA-D5-6924-01A	no variant	no variant	no variant	no variant	no variant	no variant	no variant	no variant	no variant	no variant	no variant
TCGA-A6-2684-01A	no variant	no variant	no variant	no variant	no variant	no variant	no variant	no variant	no variant	no variant	no variant
TCGA-AA-3956-01A	no variant	no variant	no variant	no variant	no variant	no variant	no variant	no variant	no variant	no variant	no variant
TCGA-AD-A5EK-01A	no variant	no variant	no variant	no variant	no variant	no variant	no variant	no variant	no variant	no variant	no variant
TCGA-A6-6142-01A	no variant	no variant	no variant	no variant	no variant	no variant	no variant	no variant	no variant	no variant	no variant
TCGA-AA-A010-01A	no variant	no variant	no variant	no variant	no variant	no variant	no variant	no variant	no variant	no variant	no variant
TCGA-WS-AB45-01A	no variant	no variant	no variant	no variant	no variant	no variant	no variant	no variant	no variant	no variant	no variant
TCGA-A6-6650-01A	no variant	no variant	no variant	no variant	no variant	no variant	no variant	no variant	no variant	no variant	no variant
TCGA-AA-3488-01A	no variant	no variant	no variant	no variant	no variant	no variant	no variant	no variant	no variant	no variant	no variant
TCGA-AA-3851-01A	no variant	no variant	no variant	no variant	no variant	no variant	no variant	no variant	no variant	no variant	no variant
TCGA-AA-3968-01A	no variant	no variant	no variant	no variant	no variant	no variant	no variant	no variant	no variant	no variant	no variant
TCGA-AA-A01T-01A	no variant	no variant	no variant	no variant	no variant	no variant	no variant	no variant	no variant	no variant	no variant
TCGA-AA-A02F-01A	no variant	no variant	no variant	no variant	no variant	no variant	no variant	no variant	no variant	no variant	no variant
TCGA-AY-6197-01A	no variant	no variant	no variant	no variant	no variant	no variant	no variant	no variant	no variant	no variant	no variant
TCGA-AZ-4681-01A	no variant	no variant	no variant	no variant	no variant	no variant	no variant	no variant	no variant	no variant	no variant
TCGA-AZ-5407-01A	no variant	no variant	no variant	no variant	no variant	no variant	no variant	no variant	no variant	no variant	no variant
TCGA-AZ-6606-01A	no variant	no variant	no variant	no variant	no variant	no variant	no variant	no variant	no variant	no variant	no variant
TCGA-D5-5540-01A	no variant	no variant	no variant	no variant	no variant	no variant	no variant	no variant	no variant	no variant	no variant
TCGA-D5-6541-01A	no variant	no variant	no variant	no variant	no variant	no variant	no variant	no variant	no variant	no variant	no variant
TCGA-F4-6854-01A	no variant	no variant	no variant	no variant	no variant	no variant	no variant	no variant	no variant	no variant	no variant
TCGA-G4-6298-01A	no variant	no variant	no variant	no variant	no variant	no variant	no variant	no variant	no variant	no variant	no variant
TCGA-G4-6306-01A	no variant	no variant	no variant	no variant	no variant	no variant	no variant	no variant	no variant	no variant	no variant
TCGA-G4-6310-01A	no variant	no variant	no variant	no variant	no variant	no variant	no variant	no variant	no variant	no variant	no variant
TCGA-G4-6626-01A	no variant	no variant	no variant	no variant	no variant	no variant	no variant	no variant	no variant	no variant	no variant
TCGA-QG-A5YV-01A	no variant	no variant	no variant	no variant	no variant	no variant	no variant	no variant	no variant	no variant	no variant
TCGA-AA-3662-01A	no variant	no variant	no variant	no variant	no variant	no variant	no variant	no variant	no variant	no variant	no variant
TCGA-SS-A7HO-01A	no variant	no variant	no variant	no variant	no variant	no variant	no variant	no variant	no variant	no variant	no variant
TCGA-AA-3866-01A	no variant	no variant	no variant	no variant	no variant	no variant	no variant	no variant	no variant	no variant	no variant
TCGA-A6-5660-01A	no variant	no variant	no variant	no variant	no variant	no variant	no variant	no variant	no variant	no variant	no variant
TCGA-AA-3941-01A	no variant	no variant	no variant	no variant	no variant	no variant	no variant	no variant	no variant	no variant	no variant
TCGA-A6-4105-01A	no variant	no variant	no variant	no variant	no variant	no variant	no variant	no variant	no variant	no variant	no variant
TCGA-D5-6931-01A	no variant	no variant	no variant	no variant	no variant	no variant	no variant	no variant	no variant	no variant	no variant
TCGA-D5-6539-01A	no variant	no variant	no variant	no variant	no variant	no variant	no variant	no variant	no variant	no variant	no variant
TCGA-DM-A1DA-01A	no variant	no variant	no variant	no variant	no variant	no variant	no variant	no variant	no variant	no variant	no variant
TCGA-AA-3848-01A	no variant	no variant	no variant	no variant	no variant	no variant	no variant	no variant	no variant	no variant	no variant
TCGA-AA-A02W-01A	no variant	no variant	no variant	no variant	no variant	no variant	no variant	no variant	no variant	no variant	no variant
TCGA-G4-6299-01A	no variant	no variant	no variant	no variant	no variant	no variant	no variant	no variant	no variant	no variant	no variant
TCGA-NH-A50U-01A	no variant	no variant	no variant	no variant	no variant	no variant	no variant	no variant	no variant	no variant	no variant
TCGA-A6-2675-01A	no variant	no variant	no variant	no variant	no variant	no variant	no variant	no variant	no variant	no variant	no variant
TCGA-CM-6679-01A	no variant	no variant	no variant	no variant	no variant	no variant	no variant	no variant	no variant	no variant	no variant
TCGA-AD-6901-01A	no variant	no variant	no variant	no variant	no variant	no variant	no variant	no variant	no variant	no variant	no variant
TCGA-AA-3685-01A	no variant	no variant	no variant	no variant	no variant	no variant	no variant	no variant	no variant	no variant	no variant
TCGA-CM-5348-01A	no variant	no variant	no variant	no variant	no variant	no variant	no variant	no variant	no variant	no variant	no variant
TCGA-A6-6782-01A	no variant	no variant	no variant	no variant	no variant	no variant	no variant	no variant	no variant	no variant	no variant
TCGA-D5-6898-01A	no variant	no variant	no variant	no variant	no variant	no variant	no variant	no variant	no variant	no variant	no variant
TCGA-A6-2685-01A	no variant	no variant	no variant	no variant	no variant	no variant	no variant	no variant	no variant	no variant	no variant
TCGA-AA-3980-01A	no variant	no variant	no variant	no variant	no variant	no variant	no variant	no variant	no variant	no variant	no variant
TCGA-AD-6965-01A	no variant	no variant	no variant	no variant	no variant	no variant	no variant	no variant	no variant	no variant	no variant
TCGA-AY-5543-01A	no variant	no variant	no variant	no variant	no variant	no variant	no variant	no variant	no variant	no variant	no variant
TCGA-AY-A8YK-01A	no variant	no variant	no variant	no variant	no variant	no variant	no variant	no variant	no variant	no variant	no variant
TCGA-G4-6303-01A	no variant	no variant	no variant	no variant	no variant	no variant	no variant	no variant	no variant	no variant	no variant
TCGA-G4-6314-01A	no variant	no variant	no variant	no variant	no variant	no variant	no variant	no variant	no variant	no variant	no variant
TCGA-G4-6586-01A	no variant	no variant	no variant	no variant	no variant	no variant	no variant	no variant	no variant	no variant	no variant
TCGA-CA-6715-01A	no variant	no variant	no variant	no variant	no variant	no variant	no variant	no variant	no variant	no variant	no variant
TCGA-D5-6922-01A	no variant	no variant	no variant	no variant	no variant	no variant	no variant	no variant	no variant	no variant	no variant
TCGA-5M-AAT5-01A	no variant	no variant	no variant	no variant	no variant	no variant	no variant	no variant	no variant	no variant	no variant
TCGA-AD-6548-01A	no variant	no variant	no variant	no variant	no variant	no variant	no variant	no variant	no variant	no variant	no variant
TCGA-DM-A28F-01A	no variant	no variant	no variant	no variant	no variant	no variant	no variant	no variant	no variant	no variant	no variant
TCGA-G4-6625-01A	no variant	no variant	no variant	no variant	no variant	no variant	no variant	no variant	no variant	no variant	no variant
TCGA-DM-A0XD-01A	no variant	no variant	no variant	no variant	no variant	no variant	no variant	no variant	no variant	no variant	no variant
TCGA-AA-3971-01A	no variant	no variant	no variant	no variant	no variant	no variant	no variant	no variant	no variant	no variant	no variant
TCGA-AD-6963-01A	no variant	no variant	no variant	no variant	no variant	no variant	no variant	no variant	no variant	no variant	no variant
TCGA-AA-3688-01A	no variant	no variant	no variant	no variant	no variant	no variant	no variant	no variant	no variant	no variant	no variant
TCGA-AD-6888-01A	no variant	no variant	no variant	no variant	no variant	no variant	no variant	no variant	no variant	no variant	no variant
TCGA-A6-3807-01A	no variant	no variant	no variant	no variant	no variant	no variant	no variant	no variant	no variant	no variant	no variant
TCGA-AY-4071-01A	no variant	no variant	no variant	no variant	no variant	no variant	no variant	no variant	no variant	no variant	no variant
TCGA-AZ-4308-01A	no variant	no variant	no variant	no variant	no variant	no variant	no variant	no variant	no variant	no variant	no variant
TCGA-CM-4750-01A	no variant	no variant	no variant	no variant	no variant	no variant	no variant	no variant	no variant	no variant	no variant
TCGA-AY-A54L-01A	no variant	no variant	no variant	no variant	no variant	no variant	no variant	no variant	no variant	no variant	no variant
TCGA-AA-3681-01A	no variant	no variant	no variant	no variant	no variant	no variant	no variant	no variant	no variant	no variant	no variant
TCGA-AA-3511-01A	no variant	no variant	no variant	no variant	no variant	no variant	no variant	no variant	no variant	no variant	no variant
TCGA-D5-6538-01A	no variant	no variant	no variant	no variant	no variant	no variant	no variant	no variant	no variant	no variant	no variant
TCGA-G4-6320-01A	no variant	no variant	no variant	no variant	no variant	no variant	no variant	no variant	no variant	no variant	no variant
TCGA-T9-A92H-01A	no variant	no variant	no variant	no variant	no variant	no variant	no variant	no variant	no variant	no variant	no variant
TCGA-A6-3810-01A	no variant	no variant	no variant	no variant	no variant	no variant	no variant	no variant	no variant	no variant	no variant
TCGA-AA-3679-01A	no variant	no variant	no variant	no variant	no variant	no variant	no variant	no variant	no variant	no variant	no variant
TCGA-AA-3979-01A	no variant	no variant	no variant	no variant	no variant	no variant	no variant	no variant	no variant	no variant	no variant
TCGA-CM-6676-01A	no variant	no variant	no variant	no variant	no variant	no variant	no variant	no variant	no variant	no variant	no variant
TCGA-D5-6533-01A	no variant	no variant	no variant	no variant	no variant	no variant	no variant	no variant	no variant	no variant	no variant
TCGA-DM-A1HA-01A	no variant	no variant	no variant	no variant	no variant	no variant	no variant	no variant	no variant	no variant	no variant
TCGA-G4-6315-01A	no variant	no variant	no variant	no variant	no variant	no variant	no variant	no variant	no variant	no variant	no variant
TCGA-A6-5667-01A	no variant	no variant	no variant	no variant	no variant	no variant	no variant	no variant	no variant	no variant	no variant
TCGA-A6-6651-01A	no variant	no variant	no variant	no variant	no variant	no variant	no variant	no variant	no variant	no variant	no variant
TCGA-CK-5914-01A	no variant	no variant	no variant	no variant	no variant	no variant	no variant	no variant	no variant	no variant	no variant
TCGA-CM-4746-01A	no variant	no variant	no variant	no variant	no variant	no variant	no variant	no variant	no variant	no variant	no variant
TCGA-DM-A1D7-01A	no variant	no variant	no variant	no variant	no variant	no variant	no variant	no variant	no variant	no variant	no variant
TCGA-DM-A1DB-01A	no variant	no variant	no variant	no variant	no variant	no variant	no variant	no variant	no variant	no variant	no variant
TCGA-F4-6459-01A	no variant	no variant	no variant	no variant	no variant	no variant	no variant	no variant	no variant	no variant	no variant
TCGA-G4-6317-01A	no variant	no variant	no variant	no variant	no variant	no variant	no variant	no variant	no variant	no variant	no variant
TCGA-G4-6307-01A	no variant	no variant	no variant	no variant	no variant	no variant	no variant	no variant	no variant	no variant	no variant
TCGA-AZ-6600-01A	no variant	no variant	no variant	no variant	no variant	no variant	no variant	no variant	no variant	no variant	no variant
TCGA-AA-3976-01A	no variant	no variant	no variant	no variant	no variant	no variant	no variant	no variant	no variant	no variant	no variant
TCGA-CM-4751-01A	no variant	no variant	no variant	no variant	no variant	no variant	no variant	no variant	no variant	no variant	no variant
TCGA-CM-4752-01A	no variant	no variant	no variant	no variant	no variant	no variant	no variant	no variant	no variant	no variant	no variant
TCGA-CM-6164-01A	no variant	no variant	no variant	no variant	no variant	no variant	no variant	no variant	no variant	no variant	no variant
TCGA-CM-6167-01A	no variant	no variant	no variant	no variant	no variant	no variant	no variant	no variant	no variant	no variant	no variant
TCGA-QG-A5Z1-01A	no variant	no variant	no variant	no variant	no variant	no variant	no variant	no variant	no variant	no variant	no variant
TCGA-A6-6137-01A	no variant	no variant	no variant	no variant	no variant	no variant	no variant	no variant	no variant	no variant	no variant
TCGA-AZ-6607-01A	no variant	no variant	no variant	no variant	no variant	no variant	no variant	no variant	no variant	no variant	no variant
TCGA-5M-AAT4-01A	no variant	no variant	no variant	no variant	no variant	no variant	no variant	no variant	no variant	no variant	no variant
TCGA-A6-6138-01A	no variant	no variant	no variant	no variant	no variant	no variant	no variant	no variant	no variant	no variant	no variant
TCGA-AA-3844-01A	no variant	no variant	no variant	no variant	no variant	no variant	no variant	no variant	no variant	no variant	no variant
TCGA-AA-A02K-01A	no variant	no variant	no variant	no variant	no variant	no variant	no variant	no variant	no variant	no variant	no variant
TCGA-AM-5821-01A	no variant	no variant	no variant	no variant	no variant	no variant	no variant	no variant	no variant	no variant	no variant
TCGA-AY-4070-01A	no variant	no variant	no variant	no variant	no variant	no variant	no variant	no variant	no variant	no variant	no variant
TCGA-D5-6540-01A	no variant	no variant	no variant	no variant	no variant	no variant	no variant	no variant	no variant	no variant	no variant
TCGA-RU-A8FL-01A	no variant	no variant	no variant	no variant	no variant	no variant	no variant	no variant	no variant	no variant	no variant
TCGA-4N-A93T-01A	no variant	no variant	no variant	no variant	no variant	no variant	no variant	no variant	no variant	no variant	no variant
TCGA-A6-A567-01A	no variant	no variant	no variant	no variant	no variant	no variant	no variant	no variant	no variant	no variant	no variant
TCGA-AA-3655-01A	no variant	no variant	no variant	no variant	no variant	no variant	no variant	no variant	no variant	no variant	no variant
TCGA-AA-3660-01A	no variant	no variant	no variant	no variant	no variant	no variant	no variant	no variant	no variant	no variant	no variant
TCGA-AA-3949-01A	no variant	no variant	no variant	no variant	no variant	no variant	no variant	no variant	no variant	no variant	no variant
TCGA-AY-6196-01A	no variant	no variant	no variant	no variant	no variant	no variant	no variant	no variant	no variant	no variant	no variant
TCGA-CM-6163-01A	no variant	no variant	no variant	no variant	no variant	no variant	no variant	no variant	no variant	no variant	no variant
TCGA-D5-5541-01A	no variant	no variant	no variant	no variant	no variant	no variant	no variant	no variant	no variant	no variant	no variant
TCGA-D5-6531-01A	no variant	no variant	no variant	no variant	no variant	no variant	no variant	no variant	no variant	no variant	no variant
TCGA-D5-6926-01A	no variant	no variant	no variant	no variant	no variant	no variant	no variant	no variant	no variant	no variant	no variant
TCGA-NH-A50V-01A	no variant	no variant	no variant	no variant	no variant	no variant	no variant	no variant	no variant	no variant	no variant
TCGA-NH-A8F8-01A	no variant	no variant	no variant	no variant	no variant	no variant	no variant	no variant	no variant	no variant	no variant
TCGA-A6-6649-01A	no variant	no variant	no variant	no variant	no variant	no variant	no variant	no variant	no variant	no variant	no variant
TCGA-AA-3975-01A	no variant	no variant	no variant	no variant	no variant	no variant	no variant	no variant	no variant	no variant	no variant
TCGA-D5-6932-01A	no variant	no variant	no variant	no variant	no variant	no variant	no variant	no variant	no variant	no variant	no variant
TCGA-AA-3712-01A	no variant	no variant	no variant	no variant	no variant	no variant	no variant	no variant	no variant	no variant	no variant
TCGA-AA-A01S-01A	no variant	no variant	no variant	no variant	no variant	no variant	no variant	no variant	no variant	no variant	no variant
TCGA-AA-3667-01A	no variant	no variant	no variant	no variant	no variant	no variant	no variant	no variant	no variant	no variant	no variant
TCGA-AA-3967-01A	no variant	no variant	no variant	no variant	no variant	no variant	no variant	no variant	no variant	no variant	no variant
TCGA-CM-5862-01A	no variant	no variant	no variant	no variant	no variant	no variant	no variant	no variant	no variant	no variant	no variant
TCGA-CM-6677-01A	no variant	no variant	no variant	no variant	no variant	no variant	no variant	no variant	no variant	no variant	no variant
TCGA-D5-6535-01A	no variant	no variant	no variant	no variant	no variant	no variant	no variant	no variant	no variant	no variant	no variant
TCGA-G4-6294-01A	no variant	no variant	no variant	no variant	no variant	no variant	no variant	no variant	no variant	no variant	no variant
TCGA-NH-A6GC-01A	no variant	no variant	no variant	no variant	no variant	no variant	no variant	no variant	no variant	no variant	no variant
TCGA-QL-A97D-01A	no variant	no variant	no variant	no variant	no variant	no variant	no variant	no variant	no variant	no variant	no variant
TCGA-A6-6654-01A	no variant	no variant	no variant	no variant	no variant	no variant	no variant	no variant	no variant	no variant	no variant
TCGA-DM-A28E-01A	no variant	no variant	no variant	no variant	no variant	no variant	no variant	no variant	no variant	no variant	no variant
TCGA-AA-3841-01A	no variant	no variant	no variant	no variant	no variant	no variant	no variant	no variant	no variant	no variant	no variant
TCGA-NH-A8F7-01A	no variant	no variant	no variant	no variant	no variant	no variant	no variant	no variant	no variant	no variant	no variant
TCGA-AA-3955-01A	no variant	no variant	no variant	no variant	no variant	no variant	no variant	no variant	no variant	no variant	no variant
TCGA-AD-A5EJ-01A	no variant	no variant	no variant	no variant	no variant	no variant	no variant	no variant	no variant	no variant	no variant
TCGA-CM-6169-01A	no variant	no variant	no variant	no variant	no variant	no variant	no variant	no variant	no variant	no variant	no variant
TCGA-F4-6856-01A	no variant	no variant	no variant	no variant	no variant	no variant	no variant	no variant	no variant	no variant	no variant
TCGA-DM-A1D0-01A	no variant	no variant	no variant	no variant	no variant	no variant	no variant	no variant	no variant	no variant	no variant
TCGA-AA-3856-01A	no variant	no variant	no variant	no variant	no variant	no variant	no variant	no variant	no variant	no variant	no variant
TCGA-AA-A01Z-01A	no variant	no variant	no variant	no variant	no variant	no variant	no variant	no variant	no variant	no variant	no variant
TCGA-CA-6719-01A	no variant	no variant	no variant	no variant	no variant	no variant	no variant	no variant	no variant	no variant	no variant
TCGA-QG-A5YW-01A	no variant	no variant	no variant	no variant	no variant	no variant	no variant	no variant	no variant	no variant	no variant
TCGA-CK-4951-01A	no variant	no variant	no variant	no variant	no variant	no variant	no variant	no variant	no variant	no variant	no variant
TCGA-AA-3842-01A	no variant	no variant	no variant	no variant	no variant	no variant	no variant	no variant	no variant	no variant	no variant
TCGA-G4-6311-01A	no variant	no variant	no variant	no variant	no variant	no variant	no variant	no variant	no variant	no variant	no variant
TCGA-F4-6460-01A	no variant	no variant	no variant	no variant	no variant	no variant	no variant	no variant	no variant	no variant	no variant
TCGA-D5-6929-01A	no variant	no variant	no variant	no variant	no variant	no variant	no variant	no variant	no variant	no variant	no variant
TCGA-AA-3877-01A	no variant	no variant	no variant	no variant	no variant	no variant	no variant	no variant	no variant	no variant	no variant
TCGA-CM-6675-01A	no variant	no variant	no variant	no variant	no variant	no variant	no variant	no variant	no variant	no variant	no variant
TCGA-F4-6808-01A	no variant	no variant	no variant	no variant	no variant	no variant	no variant	no variant	no variant	no variant	no variant
TCGA-AD-6889-01A	no variant	no variant	no variant	no variant	no variant	no variant	no variant	no variant	no variant	no variant	no variant
TCGA-3L-AA1B-01A	no variant	no variant	no variant	no variant	no variant	no variant	no variant	no variant	no variant	no variant	no variant
TCGA-4T-AA8H-01A	no variant	no variant	no variant	no variant	no variant	no variant	no variant	no variant	no variant	no variant	no variant
TCGA-5M-AAT6-01A	no variant	no variant	no variant	no variant	no variant	no variant	no variant	no variant	no variant	no variant	no variant
TCGA-5M-AATA-01A	no variant	no variant	no variant	no variant	no variant	no variant	no variant	no variant	no variant	no variant	no variant
TCGA-A6-2671-01A	no variant	no variant	no variant	no variant	no variant	no variant	no variant	no variant	no variant	no variant	no variant
TCGA-A6-2672-01B	no variant	no variant	no variant	no variant	no variant	no variant	no variant	no variant	no variant	no variant	no variant
TCGA-A6-2674-01A	no variant	no variant	no variant	no variant	no variant	no variant	no variant	no variant	no variant	no variant	no variant
TCGA-A6-2677-01A	no variant	no variant	no variant	no variant	no variant	no variant	no variant	no variant	no variant	no variant	no variant
TCGA-A6-2679-01A	no variant	no variant	no variant	no variant	no variant	no variant	no variant	no variant	no variant	no variant	no variant
TCGA-A6-2680-01A	no variant	no variant	no variant	no variant	no variant	no variant	no variant	no variant	no variant	no variant	no variant
TCGA-A6-3808-01A	no variant	no variant	no variant	no variant	no variant	no variant	no variant	no variant	no variant	no variant	no variant
TCGA-A6-3809-01A	no variant	no variant	no variant	no variant	no variant	no variant	no variant	no variant	no variant	no variant	no variant
TCGA-A6-4107-01A	no variant	no variant	no variant	no variant	no variant	no variant	no variant	no variant	no variant	no variant	no variant
TCGA-A6-5657-01A	no variant	no variant	no variant	no variant	no variant	no variant	no variant	no variant	no variant	no variant	no variant
TCGA-A6-5659-01A	no variant	no variant	no variant	no variant	no variant	no variant	no variant	no variant	no variant	no variant	no variant
TCGA-A6-5661-01A	no variant	no variant	no variant	no variant	no variant	no variant	no variant	no variant	no variant	no variant	no variant
TCGA-A6-5665-01A	no variant	no variant	no variant	no variant	no variant	no variant	no variant	no variant	no variant	no variant	no variant
TCGA-A6-5666-01A	no variant	no variant	no variant	no variant	no variant	no variant	no variant	no variant	no variant	no variant	no variant
TCGA-A6-6648-01A	no variant	no variant	no variant	no variant	no variant	no variant	no variant	no variant	no variant	no variant	no variant
TCGA-A6-6653-01A	no variant	no variant	no variant	no variant	no variant	no variant	no variant	no variant	no variant	no variant	no variant
TCGA-A6-6780-01A	no variant	no variant	no variant	no variant	no variant	no variant	no variant	no variant	no variant	no variant	no variant
TCGA-A6-6781-01A	no variant	no variant	no variant	no variant	no variant	no variant	no variant	no variant	no variant	no variant	no variant
TCGA-A6-A566-01A	no variant	no variant	no variant	no variant	no variant	no variant	no variant	no variant	no variant	no variant	no variant
TCGA-AA-3489-01A	no variant	no variant	no variant	no variant	no variant	no variant	no variant	no variant	no variant	no variant	no variant
TCGA-AA-3494-01A	no variant	no variant	no variant	no variant	no variant	no variant	no variant	no variant	no variant	no variant	no variant
TCGA-AA-3495-01A	no variant	no variant	no variant	no variant	no variant	no variant	no variant	no variant	no variant	no variant	no variant
TCGA-AA-3502-01A	no variant	no variant	no variant	no variant	no variant	no variant	no variant	no variant	no variant	no variant	no variant
TCGA-AA-3506-01A	no variant	no variant	no variant	no variant	no variant	no variant	no variant	no variant	no variant	no variant	no variant
TCGA-AA-3509-01A	no variant	no variant	no variant	no variant	no variant	no variant	no variant	no variant	no variant	no variant	no variant
TCGA-AA-3510-01A	no variant	no variant	no variant	no variant	no variant	no variant	no variant	no variant	no variant	no variant	no variant
TCGA-AA-3663-01A	no variant	no variant	no variant	no variant	no variant	no variant	no variant	no variant	no variant	no variant	no variant
TCGA-AA-3664-01A	no variant	no variant	no variant	no variant	no variant	no variant	no variant	no variant	no variant	no variant	no variant
TCGA-AA-3672-01A	no variant	no variant	no variant	no variant	no variant	no variant	no variant	no variant	no variant	no variant	no variant
TCGA-AA-3675-01A	no variant	no variant	no variant	no variant	no variant	no variant	no variant	no variant	no variant	no variant	no variant
TCGA-AA-3678-01A	no variant	no variant	no variant	no variant	no variant	no variant	no variant	no variant	no variant	no variant	no variant
TCGA-AA-3680-01A	no variant	no variant	no variant	no variant	no variant	no variant	no variant	no variant	no variant	no variant	no variant
TCGA-AA-3684-01A	no variant	no variant	no variant	no variant	no variant	no variant	no variant	no variant	no variant	no variant	no variant
TCGA-AA-3695-01A	no variant	no variant	no variant	no variant	no variant	no variant	no variant	no variant	no variant	no variant	no variant
TCGA-AA-3696-01A	no variant	no variant	no variant	no variant	no variant	no variant	no variant	no variant	no variant	no variant	no variant
TCGA-AA-3697-01A	no variant	no variant	no variant	no variant	no variant	no variant	no variant	no variant	no variant	no variant	no variant
TCGA-AA-3713-01A	no variant	no variant	no variant	no variant	no variant	no variant	no variant	no variant	no variant	no variant	no variant
TCGA-AA-3715-01A	no variant	no variant	no variant	no variant	no variant	no variant	no variant	no variant	no variant	no variant	no variant
TCGA-AA-3812-01A	no variant	no variant	no variant	no variant	no variant	no variant	no variant	no variant	no variant	no variant	no variant
TCGA-AA-3818-01A	no variant	no variant	no variant	no variant	no variant	no variant	no variant	no variant	no variant	no variant	no variant
TCGA-AA-3819-01A	no variant	no variant	no variant	no variant	no variant	no variant	no variant	no variant	no variant	no variant	no variant
TCGA-AA-3821-01A	no variant	no variant	no variant	no variant	no variant	no variant	no variant	no variant	no variant	no variant	no variant
TCGA-AA-3831-01A	no variant	no variant	no variant	no variant	no variant	no variant	no variant	no variant	no variant	no variant	no variant
TCGA-AA-3833-01A	no variant	no variant	no variant	no variant	no variant	no variant	no variant	no variant	no variant	no variant	no variant
TCGA-AA-3837-01A	no variant	no variant	no variant	no variant	no variant	no variant	no variant	no variant	no variant	no variant	no variant
TCGA-AA-3845-01A	no variant	no variant	no variant	no variant	no variant	no variant	no variant	no variant	no variant	no variant	no variant
TCGA-AA-3846-01A	no variant	no variant	no variant	no variant	no variant	no variant	no variant	no variant	no variant	no variant	no variant
TCGA-AA-3850-01A	no variant	no variant	no variant	no variant	no variant	no variant	no variant	no variant	no variant	no variant	no variant
TCGA-AA-3852-01A	no variant	no variant	no variant	no variant	no variant	no variant	no variant	no variant	no variant	no variant	no variant
TCGA-AA-3854-01A	no variant	no variant	no variant	no variant	no variant	no variant	no variant	no variant	no variant	no variant	no variant
TCGA-AA-3855-01A	no variant	no variant	no variant	no variant	no variant	no variant	no variant	no variant	no variant	no variant	no variant
TCGA-AA-3861-01A	no variant	no variant	no variant	no variant	no variant	no variant	no variant	no variant	no variant	no variant	no variant
TCGA-AA-3869-01A	no variant	no variant	no variant	no variant	no variant	no variant	no variant	no variant	no variant	no variant	no variant
TCGA-AA-3870-01A	no variant	no variant	no variant	no variant	no variant	no variant	no variant	no variant	no variant	no variant	no variant
TCGA-AA-3872-01A	no variant	no variant	no variant	no variant	no variant	no variant	no variant	no variant	no variant	no variant	no variant
TCGA-AA-3930-01A	no variant	no variant	no variant	no variant	no variant	no variant	no variant	no variant	no variant	no variant	no variant
TCGA-AA-3947-01A	no variant	no variant	no variant	no variant	no variant	no variant	no variant	no variant	no variant	no variant	no variant
TCGA-AA-3950-01A	no variant	no variant	no variant	no variant	no variant	no variant	no variant	no variant	no variant	no variant	no variant
TCGA-AA-3952-01A	no variant	no variant	no variant	no variant	no variant	no variant	no variant	no variant	no variant	no variant	no variant
TCGA-AA-3966-01A	no variant	no variant	no variant	no variant	no variant	no variant	no variant	no variant	no variant	no variant	no variant
TCGA-AA-3972-01A	no variant	no variant	no variant	no variant	no variant	no variant	no variant	no variant	no variant	no variant	no variant
TCGA-AA-3986-01A	no variant	no variant	no variant	no variant	no variant	no variant	no variant	no variant	no variant	no variant	no variant
TCGA-AA-3989-01A	no variant	no variant	no variant	no variant	no variant	no variant	no variant	no variant	no variant	no variant	no variant
TCGA-AA-3994-01A	no variant	no variant	no variant	no variant	no variant	no variant	no variant	no variant	no variant	no variant	no variant
TCGA-AA-A004-01A	no variant	no variant	no variant	no variant	no variant	no variant	no variant	no variant	no variant	no variant	no variant
TCGA-AA-A00N-01A	no variant	no variant	no variant	no variant	no variant	no variant	no variant	no variant	no variant	no variant	no variant
TCGA-AA-A01I-01A	no variant	no variant	no variant	no variant	no variant	no variant	no variant	no variant	no variant	no variant	no variant
TCGA-AA-A01P-01A	no variant	no variant	no variant	no variant	no variant	no variant	no variant	no variant	no variant	no variant	no variant
TCGA-AA-A01R-01A	no variant	no variant	no variant	no variant	no variant	no variant	no variant	no variant	no variant	no variant	no variant
TCGA-AA-A01V-01A	no variant	no variant	no variant	no variant	no variant	no variant	no variant	no variant	no variant	no variant	no variant
TCGA-AA-A01X-01A	no variant	no variant	no variant	no variant	no variant	no variant	no variant	no variant	no variant	no variant	no variant
TCGA-AA-A022-01A	no variant	no variant	no variant	no variant	no variant	no variant	no variant	no variant	no variant	no variant	no variant
TCGA-AA-A024-01A	no variant	no variant	no variant	no variant	no variant	no variant	no variant	no variant	no variant	no variant	no variant
TCGA-AA-A02O-01A	no variant	no variant	no variant	no variant	no variant	no variant	no variant	no variant	no variant	no variant	no variant
TCGA-AA-A02R-01A	no variant	no variant	no variant	no variant	no variant	no variant	no variant	no variant	no variant	no variant	no variant
TCGA-AA-A02Y-01A	no variant	no variant	no variant	no variant	no variant	no variant	no variant	no variant	no variant	no variant	no variant
TCGA-AA-A03F-01A	no variant	no variant	no variant	no variant	no variant	no variant	no variant	no variant	no variant	no variant	no variant
TCGA-AD-5900-01A	no variant	no variant	no variant	no variant	no variant	no variant	no variant	no variant	no variant	no variant	no variant
TCGA-AD-6890-01A	no variant	no variant	no variant	no variant	no variant	no variant	no variant	no variant	no variant	no variant	no variant
TCGA-AD-6895-01A	no variant	no variant	no variant	no variant	no variant	no variant	no variant	no variant	no variant	no variant	no variant
TCGA-AD-6964-01A	no variant	no variant	no variant	no variant	no variant	no variant	no variant	no variant	no variant	no variant	no variant
TCGA-AM-5820-01A	no variant	no variant	no variant	no variant	no variant	no variant	no variant	no variant	no variant	no variant	no variant
TCGA-AU-3779-01A	no variant	no variant	no variant	no variant	no variant	no variant	no variant	no variant	no variant	no variant	no variant
TCGA-AU-6004-01A	no variant	no variant	no variant	no variant	no variant	no variant	no variant	no variant	no variant	no variant	no variant
TCGA-AY-A69D-01A	no variant	no variant	no variant	no variant	no variant	no variant	no variant	no variant	no variant	no variant	no variant
TCGA-AY-A71X-01A	no variant	no variant	no variant	no variant	no variant	no variant	no variant	no variant	no variant	no variant	no variant
TCGA-AZ-4313-01A	no variant	no variant	no variant	no variant	no variant	no variant	no variant	no variant	no variant	no variant	no variant
TCGA-AZ-4615-01A	no variant	no variant	no variant	no variant	no variant	no variant	no variant	no variant	no variant	no variant	no variant
TCGA-AZ-4682-01B	no variant	no variant	no variant	no variant	no variant	no variant	no variant	no variant	no variant	no variant	no variant
TCGA-AZ-4684-01A	no variant	no variant	no variant	no variant	no variant	no variant	no variant	no variant	no variant	no variant	no variant
TCGA-AZ-6599-01A	no variant	no variant	no variant	no variant	no variant	no variant	no variant	no variant	no variant	no variant	no variant
TCGA-CA-5254-01A	no variant	no variant	no variant	no variant	no variant	no variant	no variant	no variant	no variant	no variant	no variant
TCGA-CA-5256-01A	no variant	no variant	no variant	no variant	no variant	no variant	no variant	no variant	no variant	no variant	no variant
TCGA-CA-6716-01A	no variant	no variant	no variant	no variant	no variant	no variant	no variant	no variant	no variant	no variant	no variant
TCGA-CK-4947-01B	no variant	no variant	no variant	no variant	no variant	no variant	no variant	no variant	no variant	no variant	no variant
TCGA-CK-4952-01A	no variant	no variant	no variant	no variant	no variant	no variant	no variant	no variant	no variant	no variant	no variant
TCGA-CK-5912-01A	no variant	no variant	no variant	no variant	no variant	no variant	no variant	no variant	no variant	no variant	no variant
TCGA-CK-5913-01A	no variant	no variant	no variant	no variant	no variant	no variant	no variant	no variant	no variant	no variant	no variant
TCGA-CK-5915-01A	no variant	no variant	no variant	no variant	no variant	no variant	no variant	no variant	no variant	no variant	no variant
TCGA-CK-6746-01A	no variant	no variant	no variant	no variant	no variant	no variant	no variant	no variant	no variant	no variant	no variant
TCGA-CK-6747-01A	no variant	no variant	no variant	no variant	no variant	no variant	no variant	no variant	no variant	no variant	no variant
TCGA-CK-6748-01A	no variant	no variant	no variant	no variant	no variant	no variant	no variant	no variant	no variant	no variant	no variant
TCGA-CK-6751-01A	no variant	no variant	no variant	no variant	no variant	no variant	no variant	no variant	no variant	no variant	no variant
TCGA-CM-4743-01A	no variant	no variant	no variant	no variant	no variant	no variant	no variant	no variant	no variant	no variant	no variant
TCGA-CM-4744-01A	no variant	no variant	no variant	no variant	no variant	no variant	no variant	no variant	no variant	no variant	no variant
TCGA-CM-4747-01A	no variant	no variant	no variant	no variant	no variant	no variant	no variant	no variant	no variant	no variant	no variant
TCGA-CM-4748-01A	no variant	no variant	no variant	no variant	no variant	no variant	no variant	no variant	no variant	no variant	no variant
TCGA-CM-5344-01A	no variant	no variant	no variant	no variant	no variant	no variant	no variant	no variant	no variant	no variant	no variant
TCGA-CM-5349-01A	no variant	no variant	no variant	no variant	no variant	no variant	no variant	no variant	no variant	no variant	no variant
TCGA-CM-5861-01A	no variant	no variant	no variant	no variant	no variant	no variant	no variant	no variant	no variant	no variant	no variant
TCGA-CM-5863-01A	no variant	no variant	no variant	no variant	no variant	no variant	no variant	no variant	no variant	no variant	no variant
TCGA-CM-6161-01A	no variant	no variant	no variant	no variant	no variant	no variant	no variant	no variant	no variant	no variant	no variant
TCGA-CM-6162-01A	no variant	no variant	no variant	no variant	no variant	no variant	no variant	no variant	no variant	no variant	no variant
TCGA-CM-6166-01A	no variant	no variant	no variant	no variant	no variant	no variant	no variant	no variant	no variant	no variant	no variant
TCGA-CM-6168-01A	no variant	no variant	no variant	no variant	no variant	no variant	no variant	no variant	no variant	no variant	no variant
TCGA-CM-6674-01A	no variant	no variant	no variant	no variant	no variant	no variant	no variant	no variant	no variant	no variant	no variant
TCGA-CM-6678-01A	no variant	no variant	no variant	no variant	no variant	no variant	no variant	no variant	no variant	no variant	no variant
TCGA-D5-5537-01A	no variant	no variant	no variant	no variant	no variant	no variant	no variant	no variant	no variant	no variant	no variant
TCGA-D5-5539-01A	no variant	no variant	no variant	no variant	no variant	no variant	no variant	no variant	no variant	no variant	no variant
TCGA-D5-6529-01A	no variant	no variant	no variant	no variant	no variant	no variant	no variant	no variant	no variant	no variant	no variant
TCGA-D5-6530-01A	no variant	no variant	no variant	no variant	no variant	no variant	no variant	no variant	no variant	no variant	no variant
TCGA-D5-6534-01A	no variant	no variant	no variant	no variant	no variant	no variant	no variant	no variant	no variant	no variant	no variant
TCGA-D5-6536-01A	no variant	no variant	no variant	no variant	no variant	no variant	no variant	no variant	no variant	no variant	no variant
TCGA-D5-6537-01A	no variant	no variant	no variant	no variant	no variant	no variant	no variant	no variant	no variant	no variant	no variant
TCGA-D5-6927-01A	no variant	no variant	no variant	no variant	no variant	no variant	no variant	no variant	no variant	no variant	no variant
TCGA-D5-6928-01A	no variant	no variant	no variant	no variant	no variant	no variant	no variant	no variant	no variant	no variant	no variant
TCGA-D5-6930-01A	no variant	no variant	no variant	no variant	no variant	no variant	no variant	no variant	no variant	no variant	no variant
TCGA-DM-A0X9-01A	no variant	no variant	no variant	no variant	no variant	no variant	no variant	no variant	no variant	no variant	no variant
TCGA-DM-A0XF-01A	no variant	no variant	no variant	no variant	no variant	no variant	no variant	no variant	no variant	no variant	no variant
TCGA-DM-A1D6-01A	no variant	no variant	no variant	no variant	no variant	no variant	no variant	no variant	no variant	no variant	no variant
TCGA-DM-A1HB-01A	no variant	no variant	no variant	no variant	no variant	no variant	no variant	no variant	no variant	no variant	no variant
TCGA-DM-A280-01A	no variant	no variant	no variant	no variant	no variant	no variant	no variant	no variant	no variant	no variant	no variant
TCGA-DM-A282-01A	no variant	no variant	no variant	no variant	no variant	no variant	no variant	no variant	no variant	no variant	no variant
TCGA-DM-A28A-01A	no variant	no variant	no variant	no variant	no variant	no variant	no variant	no variant	no variant	no variant	no variant
TCGA-DM-A28C-01A	no variant	no variant	no variant	no variant	no variant	no variant	no variant	no variant	no variant	no variant	no variant
TCGA-DM-A28G-01A	no variant	no variant	no variant	no variant	no variant	no variant	no variant	no variant	no variant	no variant	no variant
TCGA-DM-A28M-01A	no variant	no variant	no variant	no variant	no variant	no variant	no variant	no variant	no variant	no variant	no variant
TCGA-F4-6461-01A	no variant	no variant	no variant	no variant	no variant	no variant	no variant	no variant	no variant	no variant	no variant
TCGA-F4-6463-01A	no variant	no variant	no variant	no variant	no variant	no variant	no variant	no variant	no variant	no variant	no variant
TCGA-F4-6570-01A	no variant	no variant	no variant	no variant	no variant	no variant	no variant	no variant	no variant	no variant	no variant
TCGA-F4-6703-01A	no variant	no variant	no variant	no variant	no variant	no variant	no variant	no variant	no variant	no variant	no variant
TCGA-F4-6704-01A	no variant	no variant	no variant	no variant	no variant	no variant	no variant	no variant	no variant	no variant	no variant
TCGA-F4-6806-01A	no variant	no variant	no variant	no variant	no variant	no variant	no variant	no variant	no variant	no variant	no variant
TCGA-G4-6293-01A	no variant	no variant	no variant	no variant	no variant	no variant	no variant	no variant	no variant	no variant	no variant
TCGA-G4-6321-01A	no variant	no variant	no variant	no variant	no variant	no variant	no variant	no variant	no variant	no variant	no variant
TCGA-G4-6323-01A	no variant	no variant	no variant	no variant	no variant	no variant	no variant	no variant	no variant	no variant	no variant
TCGA-G4-6588-01A	no variant	no variant	no variant	no variant	no variant	no variant	no variant	no variant	no variant	no variant	no variant
TCGA-G4-6627-01A	no variant	no variant	no variant	no variant	no variant	no variant	no variant	no variant	no variant	no variant	no variant
TCGA-NH-A50T-01A	no variant	no variant	no variant	no variant	no variant	no variant	no variant	no variant	no variant	no variant	no variant
TCGA-NH-A6GA-01A	no variant	no variant	no variant	no variant	no variant	no variant	no variant	no variant	no variant	no variant	no variant
TCGA-QG-A5Z2-01A	no variant	no variant	no variant	no variant	no variant	no variant	no variant	no variant	no variant	no variant	no variant
TCGA-A6-2670-01A											
TCGA-A6-2671-11A											
TCGA-A6-2672-01A											
TCGA-A6-2672-11A											
TCGA-A6-2674-01B											
TCGA-A6-2674-11A											
TCGA-A6-2675-11A											
TCGA-A6-2676-01A											
TCGA-A6-2676-11A											
TCGA-A6-2677-01B											
TCGA-A6-2677-11A											
TCGA-A6-2678-01A											
TCGA-A6-2678-11A											
TCGA-A6-2679-11A											
TCGA-A6-2680-11A											
TCGA-A6-2681-11A											
TCGA-A6-2682-11A											
TCGA-A6-2683-01A											
TCGA-A6-2683-11A											
TCGA-A6-2684-01C											
TCGA-A6-2684-11A											
TCGA-A6-2685-11A											
TCGA-A6-2686-11A											
TCGA-A6-3807-11A											
TCGA-A6-3808-11A											
TCGA-A6-3809-01B											
TCGA-A6-3809-11A											
TCGA-A6-3810-01B											
TCGA-A6-3810-11A											
TCGA-A6-4107-11A											
TCGA-A6-5656-01B											
TCGA-A6-5657-11A											
TCGA-A6-5659-01B											
TCGA-A6-5659-11A											
TCGA-A6-5660-11A											
TCGA-A6-5661-01B											
TCGA-A6-5661-11A											
TCGA-A6-5662-01A											
TCGA-A6-5662-11A											
TCGA-A6-5665-01B											
TCGA-A6-5665-11A											
TCGA-A6-5666-11A											
TCGA-A6-5667-11A											
TCGA-A6-6140-01A											
TCGA-A6-6141-01A											
TCGA-A6-6650-01B											
TCGA-A6-6780-01B											
TCGA-A6-6781-01B											
TCGA-A6-A5ZU-01A											
TCGA-AA-3488-11A											
TCGA-AA-3489-11A											
TCGA-AA-3492-11A											
TCGA-AA-3494-11A											
TCGA-AA-3495-11A											
TCGA-AA-3496-11A											
TCGA-AA-3502-11A											
TCGA-AA-3506-11A											
TCGA-AA-3509-11A											
TCGA-AA-3510-11A											
TCGA-AA-3511-11A											
TCGA-AA-3514-01A											
TCGA-AA-3514-11A											
TCGA-AA-3516-01A											
TCGA-AA-3516-11A											
TCGA-AA-3517-01A											
TCGA-AA-3517-11A											
TCGA-AA-3518-01A											
TCGA-AA-3518-11A											
TCGA-AA-3519-01A											
TCGA-AA-3519-11A											
TCGA-AA-3520-01A											
TCGA-AA-3520-11A											
TCGA-AA-3521-01A											
TCGA-AA-3521-11A											
TCGA-AA-3522-01A											
TCGA-AA-3522-11A											
TCGA-AA-3524-01A											
TCGA-AA-3524-11A											
TCGA-AA-3525-01A											
TCGA-AA-3525-11A											
TCGA-AA-3526-01A											
TCGA-AA-3526-11A											
TCGA-AA-3527-01A											
TCGA-AA-3527-11A											
TCGA-AA-3529-01A											
TCGA-AA-3529-11A											
TCGA-AA-3530-11A											
TCGA-AA-3531-01A											
TCGA-AA-3531-11A											
TCGA-AA-3532-01A											
TCGA-AA-3532-11A											
TCGA-AA-3534-01A											
TCGA-AA-3534-11A											
TCGA-AA-3538-01A											
TCGA-AA-3542-01A											
TCGA-AA-3543-01A											
TCGA-AA-3544-01A											
TCGA-AA-3548-01A											
TCGA-AA-3549-01A											
TCGA-AA-3552-01A											
TCGA-AA-3553-01A											
TCGA-AA-3554-01A											
TCGA-AA-3555-01A											
TCGA-AA-3556-01A											
TCGA-AA-3558-01A											
TCGA-AA-3560-01A											
TCGA-AA-3561-01A											
TCGA-AA-3562-01A											
TCGA-AA-3655-11A											
TCGA-AA-3660-11A											
TCGA-AA-3662-11A											
TCGA-AA-3663-11A											
TCGA-AA-3697-11A											
TCGA-AA-3710-01A											
TCGA-AA-3712-11A											
TCGA-AA-3713-11A											
TCGA-AA-3970-01A											
TCGA-AA-A00A-01A											
TCGA-AA-A00D-01A											
TCGA-AA-A00E-01A											
TCGA-AA-A00F-01A											
TCGA-AA-A00J-01A											
TCGA-AA-A00K-01A											
TCGA-AA-A00L-01A											
TCGA-AA-A00O-01A											
TCGA-AA-A00Q-01A											
TCGA-AA-A00R-01A											
TCGA-AA-A00U-01A											
TCGA-AA-A00W-01A											
TCGA-AA-A00Z-01A											
TCGA-AA-A01D-01A											
TCGA-AA-A01F-01A											
TCGA-AA-A01G-01A											
TCGA-AA-A01K-01A											
TCGA-AA-A01P-11A											
TCGA-AA-A01Q-01A											
TCGA-AA-A01R-11A											
TCGA-AA-A01S-11A											
TCGA-AA-A01T-11A											
TCGA-AA-A01V-11A											
TCGA-AA-A01X-11A											
TCGA-AA-A01Z-11A											
TCGA-AA-A022-11A											
TCGA-AA-A029-01A											
TCGA-AA-A02J-01A											
TCGA-AA-A02O-11A											
TCGA-AA-A03F-11A											
TCGA-AA-A03J-11A											
TCGA-AZ-6598-11A											
TCGA-AZ-6599-11A											
TCGA-AZ-6600-11A											
TCGA-AZ-6601-11A											
TCGA-AZ-6603-11A											
TCGA-AZ-6605-11A											
TCGA-AZ-6606-11A											
TCGA-AZ-6607-11A											
TCGA-AZ-6608-11A											
TCGA-D5-6923-01A											
TCGA-F4-6704-11A											
TCGA-G4-6295-11A											
TCGA-G4-6297-11A											
TCGA-G4-6298-11A											
TCGA-G4-6302-11A											
TCGA-G4-6311-11A											
TCGA-G4-6314-11A											
TCGA-G4-6317-02A											
TCGA-G4-6320-11A											
TCGA-G4-6322-11A											
TCGA-G4-6625-11A											
TCGA-NH-A50V-01B											
TCGA-NH-A6GC-06A											
TCGA-NH-A8F7-06A											